generated_id,smiles,reward,depth,elapsed_time,is_through_filter,LogP
0,C=CCCC(=O)NCC(=O)Nc1ccc(C)cc1C,0.22833672758228055,1,1.6,1,2.3243400000000003
1,O=C([O-])CNC(=O)CCc1ccccc1,-0.05142459734046556,1,1.6,1,-0.5146999999999993
2,NC(=O)c1cc[nH+]c(Nc2ccc(OCCc3ccncc3)cc2)c1,0.23168565093863358,1,1.6,1,2.3597
4,COCC(=O)N1CCC[C@H](C(=O)Nc2cccc3cnccc23)C1,0.20297169766984827,1,1.6,1,2.0583
5,O=C(CC1CC1)NN1C(=O)c2ccccc2C1=O,0.1109315759737744,1,1.6,1,1.1139000000000003
6,N#C[C@H](NC(=O)N[C@@H]1CCc2ccccc21)c1ccc2[nH]ccc2c1,0.35567696227717005,1,1.6,1,3.719280000000002
9,O=C(Nc1ccc(OC[C@H]2CCCO2)cc1)[C@@H]1C=NN=C1c1ccccc1,0.31742412698588857,1,1.6,1,3.2878000000000025
14,Nc1ccc(-c2cccc(O)c2)nc1,0.20087098979377505,2,3.7,1,2.0363999999999995
16,NNC(=O)c1ccc(Cn2ncnc2-c2ccccc2)cn1,0.09886597635697328,2,3.7,1,0.9918999999999996
17,N[C@@H](CO)c1ccc([N+](=O)[O-])cc1,0.058622706499261795,2,3.7,1,0.5869
21,Nc1cc(C(=O)[O-])ccc1N,-0.0783888438777758,2,3.7,1,-0.7855000000000005
23,NNc1cc[nH+]c(CN2CCN(c3ncnc4ncccc34)CC2)n1,-0.015828677858429698,2,3.7,1,-0.15829999999999922
30,NNc1nccnc1C(=O)NC1CCCCC1,0.08228353949144473,2,3.7,1,0.8246999999999993
31,N[C@@H]1CCCN(c2ccc([N+](=O)[O-])cc2)C1,0.1510648744133813,2,3.7,1,1.5223
34,Cc1noc(C)c1CCC(=O)Nc1cccc2c1CN(C(=O)C1CCCC1)C2,0.3709411757700882,2,7.8,1,3.895140000000003
35,COc1cccc(N2CCN([C@H](c3ccccc3[N+](=O)[O-])C3=CCOCC3)CC2=O)c1,0.322110362386832,2,7.8,1,3.3400000000000016
42,C#Cc1cccc(NCC(=O)N2CCN(CCc3nc(C)no3)CC2)c1,0.11529698980038484,2,7.8,1,1.1581199999999998
44,C/C(=N\NC(=O)c1cn(Cc2ccccc2)c2ccccc12)c1ccc(C#N)cc1,0.4394330832988209,2,7.8,1,4.715280000000004
46,Cc1c(C(=O)Nc2ccc(N3CCCC3=O)cc2)cnn1-c1ccc([N+](=O)[O-])cc1,0.3335363487351525,2,7.8,1,3.468020000000002
47,COC(=O)Cc1cc(C)cc(OC)c1NC(=O)C(=O)N[C@@H]1CCOc2ccccc21,0.22580249927144574,2,7.8,1,2.2976199999999993
48,CNC(=O)Cn1cc(C(=O)N2CCN(C)C[C@@H]2c2cccnc2)c(C)n1,0.04610928113037667,2,7.8,1,0.4614200000000004
49,C[C@H](CNC(=O)CN1C(=O)NC2(CCCC2)C1=O)N1CCCC1,0.04511934523230591,2,7.8,1,0.4515000000000007
53,C=C1c2ccccc2C(=O)N1CCNC(=O)[C@@H]1CC(=O)N(Cc2ccc(C)cc2C)C1,0.2816598171883067,2,7.8,1,2.894840000000001
54,C#CCN(CC#C)CC(=O)Nc1ccc2[nH]c(=O)[nH]c2c1,0.0362940511812886,2,7.8,1,0.3630999999999999
56,C/C=C(\C)C(=O)Nc1cc2ccccc2cc1OC,0.3586275581221333,2,7.8,1,3.7531000000000025
58,Cc1ccccc1CCNC(=O)N[C@H](C)c1ccccc1C,0.37190666521123433,2,7.8,1,3.906340000000003
59,COC(=O)c1ccccc1N(C)C(=O)[C@H]1C[C@H]1C,0.20620064119279544,2,7.8,1,2.092
60,CNC(=O)[C@@H]1CCCC[C@@H]1NC(=O)c1n[nH]c(C2CC2)n1,0.07154753849878101,2,7.8,1,0.7166999999999993
65,C=CCNC(=O)N(Cc1ccc(C(C)(C)C)cc1)C1CCC1,0.39980768102968695,2,7.8,1,4.234200000000004
68,C/C(=C\c1ccc2c(c1)OCO2)C(=O)NCCc1nccn1CCc1ccccc1,0.34668416676840275,2,7.8,1,3.6167000000000025
69,O=C(N/N=C/c1ccco1)c1cccc(OCc2ccccc2)c1,0.3471943539757112,2,9.0,1,3.6225000000000023
71,O[C@@H](COc1ccc([N+](=O)[O-])cc1)Cn1nc(-c2ccccc2)ccc1=O,0.22207718935440363,2,9.0,1,2.2584
72,O[C@H](COc1cccc2ccccc12)CC1(O)CCCC1,0.3162456306911658,2,9.0,1,3.274700000000002
74,OCCCOc1cn(C)nc1C[C@H](O)c1cnn(-c2ccccc2)c1,0.16284712749619668,2,9.0,1,1.6431000000000002
77,O=C1[C@@H]2CCCC[C@H]2NC(=O)[C@@H]1c1ccccc1,0.20005514747442063,2,9.0,1,2.0279
79,O[C@@H](COC1CCCC1)[C@@H]1CCc2ccccc21,0.2946492996749869,2,9.0,1,3.036500000000002
81,O[C@H](c1cccc(-c2ccoc2)c1)[C@H]1CC(=O)N(C2CC2)C1,0.29047961722382865,3,9.3,1,2.990900000000001
83,O[C@H](c1ccccc1)c1ccc2c(c1)C(=O)N(Cc1ccco1)C2=O,0.30565900959099274,3,9.3,1,3.1575000000000015
85,OCc1nc2ccccc2n1Cc1ccccc1,0.252133645493585,3,10.9,1,2.5769
88,OC[C@H]1CN(Cc2cc(-c3ccccc3)no2)CCO1,0.15227634931905343,3,10.9,1,1.5347
90,OC[C@]1(C[NH2+]Cc2nncn2-c2ccccc2)CCOCC1,0.011979426908102853,3,10.9,1,0.11980000000000057
92,OCc1cccc(C[NH+]2CCC(CN3CCOCC3)CC2)c1,0.030590452703866657,3,10.9,1,0.30600000000000116
94,OC1(Cc2ccccc2)CN(c2ncccn2)C1,0.1263609437263554,3,10.9,1,1.2704
99,OCc1ccc(C(=O)N2C[C@H](c3ccco3)CCO2)cc1,0.2291763635311103,3,10.9,1,2.3332000000000006
102,OC[C@H]1CCC[C@@H]1Oc1cccnc1,0.16073393069096184,3,10.9,1,1.6213999999999997
104,OC[C@]1(c2ccc3ccccc3c2)OCO1,0.19633717290990077,3,10.9,1,1.9891999999999999
106,N[C@@H](c1ccccc1)C1(O)CCCC1(C)C,0.2568752367346126,3,11.1,1,2.627600000000001
107,N[C@@H](c1ccccc1)c1nc2ccc(C#N)cc2o1,0.2680465840460791,3,11.1,1,2.747580000000001
108,Nc1nnnn1CCC(=O)N1CCC(C(=O)NCc2ccccc2)CC1,0.020037317732192472,3,11.4,1,0.2004000000000008
109,Nc1cc(N2CCOCC2)cc(-c2ccccc2[N+](=O)[O-])n1,0.2046298420806855,3,11.4,1,2.0756
110,Nc1nc2ccccc2nc1Oc1ccccc1,0.2917060720344385,3,11.4,1,3.0043000000000015
111,C[C@H]1CN([C@H](C)C(=O)NC(=O)NCCc2cccnc2)c2ccccc21,0.24135271313768297,3,11.8,1,2.4621000000000004
112,C[C@H]1CCCCN1C(=O)N[C@H]1CCCC[C@@H]1OC1CCCC1,0.3662454608948327,3,11.8,1,3.8408000000000033
113,C[C@H]1CN(C(=O)Nc2ccccc2C(C)(C)C)CC[C@H]1[NH3+],0.24193651000235947,3,11.8,1,2.4682999999999997
114,NNC(=O)c1ccccc1NC(=O)c1ccc(COc2ccccc2)cc1,0.3023826816509353,3,13.8,1,3.1214000000000013
115,NNc1ncnc(NCCc2ccccc2)c1[N+](=O)[O-],0.13173000579096328,3,13.8,1,1.3249999999999995
117,NN(Cc1ccccc1)C(=O)/C=C/c1ccc([N+](=O)[O-])cc1,0.24590542387220715,3,13.8,1,2.5105000000000004
123,NNc1cc(C(=O)[O-])nn1-c1ccccc1,-0.04782349107039358,3,13.8,1,-0.4785999999999999
124,NN1CCc2cc([N+](=O)[O-])ccc21,0.08290924150718033,3,13.8,1,0.831
125,NN(Cc1ccccn1)c1ccc([N+](=O)[O-])cc1,0.1848599876856081,3,13.8,1,1.8700999999999999
129,NN[C@H]1c2ccccc2CC1=O,0.03160946606363855,3,13.8,1,0.3161999999999996
130,NNC(=O)[C@H](NC(=O)Oc1ccccc1)c1ccco1,0.10947942976650564,3,13.8,1,1.0991999999999988
131,NNc1nc2ccccn2c1[N+](=O)[O-],0.05276096083764469,3,13.8,1,0.5281
135,NN[C@@]1(C#N)CC[C@H](Oc2ccccc2-c2cccnc2)C1,0.23602273453206976,3,13.8,1,2.4055799999999996
138,C=CC[NH2+]CCOc1ccccc1OCC(C)C,0.1828792949418601,3,14.0,1,1.8495999999999997
140,C=CCC(=O)O[C@@H](C)[C@H](C)c1ccc(OC)cc1,0.3191047098584705,3,14.0,1,3.3065000000000024
141,O=C(CCn1cncn1)N1CC[NH+](Cc2ccccc2)CC1,-0.04042795296554419,3,14.6,1,-0.40449999999999786
143,O=C(N[C@@H]1CCN(c2ccccc2)C1)N[C@@H]1CCCc2ccccc21,0.3489169134844747,3,14.6,1,3.642100000000002
145,O=C(NCCN1CCOCC1)c1ncn2c(C(=O)[O-])nnc2c1,-0.24023171055122988,3,14.6,1,-2.450199999999997
147,C#CCCOc1ccccc1NC(=O)COc1ccc2ccccc2c1,0.40192273322681643,3,14.9,1,4.259400000000003
148,C#CCN1C(=O)c2ccccc2N[C@@H]1C(=O)NCc1ccccc1,0.18098416995312766,3,14.9,1,1.8299999999999996
152,CN1CCO[C@H](CNC(=O)C[C@@H]2CCCO2)C1,0.00022999999594444133,3,17.0,1,0.002300000000001079
153,CNc1cc[nH+]c(CN2CCN(C(C)=O)CC2)c1,0.02064706529236081,3,17.0,1,0.20650000000000013
157,CN(C)C(=O)c1ccccc1C(=O)C1CCCC1,0.26931953831728506,3,17.0,1,2.761300000000001
158,CNC(=O)[C@H]1CN(C(=O)NCCN2CCc3cc(C)ccc3C2)CCO1,0.05090795346975761,3,17.0,1,0.509520000000002
159,CN1CCO[C@@H](COc2cc(NC(=O)c3ccco3)cnc2C)C1,0.19205692593859292,3,17.0,1,1.94472
160,CNc1nc(NCCNC(=O)c2ccccc2)nc2c1CCC(=O)N2Cc1ccccc1,0.27656617522113286,3,17.0,1,2.8396
163,CN[C@H](c1cc(N)ccc1C)C1CCN(C(=O)NC2CCCC2)CC1,0.30968051834385735,3,17.0,1,3.201920000000001
167,CNc1cc(C(=O)N[C@H](CCC#N)c2ccccc2)no1,0.24408939038419983,3,17.0,1,2.49118
170,CN[C@H](c1cccc(C)c1)[C@@H](C)OC,0.2251190987572333,3,17.0,1,2.29042
172,O[C@@H](COc1ccc2c(c1)OCO2)C1CC1,0.15523471538106148,3,17.2,1,1.565
176,O[C@H](Oc1ccc2ccccc2n1)[C@H]1CCCO1,0.20801914101204608,4,18.8,1,2.1109999999999998
179,O[C@H](Nc1ccc2oc(=O)[nH]c2c1)c1ccccc1,0.21881387810057207,4,18.8,1,2.2241
180,O[C@H](COc1ccc(O)cc1)c1ccc(-n2cncn2)cc1,0.20555904018074542,4,18.8,1,2.0852999999999997
182,O[C@H](Oc1cccc2ccccc12)c1ccccn1,0.31894302958034143,4,18.8,1,3.304700000000002
185,O[C@H](Nc1cccc(C(=O)OCc2ccccn2)c1)[C@@H]1CCCO1,0.2305686864153679,4,18.8,1,2.3479
188,O[C@H](Oc1ccc2c(c1)COC2)[C@@H](O)c1ccccc1,0.21151808608186506,4,18.8,1,2.1475999999999997
189,O[C@H]([C@H](C1CC1)c1ccccc1)C1CCOCC1,0.28835394642760537,4,18.8,1,2.9677000000000016
194,N[C@@H](Oc1ccc2c(c1)C(=O)CCC2)C1CCCC1,0.2967390722539949,4,20.7,1,3.059400000000002
197,N[C@@H]([NH3+])c1ccn(COc2ccc3ccccc3c2)n1,0.12651838580779118,4,20.7,1,1.2719999999999998
206,N[C@@H](C[NH3+])c1ccc(-c2ccccc2)cc1,0.15819029975883006,4,20.7,1,1.5953000000000002
207,N[C@@H](c1ccccc1)[C@@H]1CCO[C@H]1c1ccccc1,0.33319680165111837,4,20.7,1,3.4642000000000026
208,N[C@@H](Oc1ccc2c(c1)CCCC2)c1ccc(-n2cncn2)cc1,0.307914653877779,4,20.7,1,3.182400000000002
210,N[C@@H](Nc1ccc(Oc2ccccc2)cc1)c1ccccn1,0.3750870684100216,4,20.7,1,3.9433000000000025
211,N[C@@H]([NH3+])c1cccc(-c2cccnc2)c1,0.09449720536122565,4,20.7,1,0.9478000000000002
213,C/C(=N\NC(=O)Cn1ccc(=O)nc1)c1cccc([N+](=O)[O-])c1,0.06907980093246742,3,21.8,1,0.6918999999999995
215,C/N=C/c1cn(-c2ccccc2)nc1-c1ccccc1C,0.37105155806692913,3,21.8,1,3.8964200000000027
223,C/N=C/[C@@H]1CCC(=O)N(Cc2ccco2)C1,0.1702071635582016,3,21.8,1,1.7188
225,O[C@@H](CNc1ccc([N+](=O)[O-])cc1)c1ccccn1,0.21034281098438085,4,23.2,1,2.1353
226,O[C@@H](c1ccccc1)c1cccc(NC(=O)c2ccc3[nH]nnc3c2)c1,0.31779276817751173,4,23.2,1,3.291900000000001
227,O[C@@H]([C@H]1CCCC[C@@H]1O)c1ccc([N+](=O)[O-])cc1,0.2145442213990321,4,23.2,1,2.1793000000000005
230,O[C@@H](Nc1ccc(N2CCOCC2)cc1)c1ccc(O)cc1,0.22904371232868828,4,23.2,1,2.3318000000000003
233,O[C@@H]([C@H]1CCC[C@@H](C2CC2)C1)c1cccc(-c2ccncc2)c1,0.46199131631928825,4,23.2,1,4.9984000000000055
234,O[C@@H]([C@@H](Cc1ccncc1)C1CC1)c1ccccn1,0.2709511051619124,4,23.2,1,2.778900000000001
237,O[C@@H](COc1ccccc1)C1(c2ccccc2)CC1,0.3057134029475697,4,23.2,1,3.158100000000002
243,Cc1ccccc1OCC[NH2+]C(C)C,0.13375567123194293,3,23.4,1,1.3456199999999998
244,Cc1cc(C)cc(N[C@H](C)C(=O)N2CCN(C(C)=O)CC2)c1,0.17755213194610672,3,23.4,1,1.7945399999999996
245,Cc1cc(C)c(OCCOc2cc(C)ccc2C)c(C)c1,0.43710789500894176,3,23.4,1,4.686500000000004
248,CO[C@H]1CCC[C@H]1CC(=O)N[C@@H](C)c1cc(C)c(N)c(C)c1,0.31564611203452025,3,25.3,1,3.268040000000001
252,COC(C)(C)C[C@H](C)CNC(=O)Nc1cc(C(C)C)on1,0.3248591074628616,3,25.3,1,3.370700000000002
253,CO[C@H](C)C(=O)Nc1ccc2[nH]n(-c3ccccc3O)cc2c1=O,0.19250762281207215,3,25.3,1,1.9494
256,COc1ccc(CNC(=O)[C@@H]2CCCC[C@@H]2C(=O)N2CCCC2)cc1OC,0.26815981476819345,3,25.3,1,2.748800000000001
257,COCCOc1ccc([C@@H]([NH3+])C(=O)NCc2ccco2)cc1,0.09017438530437637,3,25.3,1,0.9042000000000003
258,CO[C@H]1CCCCN1C(=O)Nc1cccc(NC(=O)c2cc(C)cc(C)c2)c1,0.42567613543772304,3,25.3,1,4.546040000000003
259,CO[C@@H]1CCCN(C(=O)C(=O)N(Cc2ccccc2)Cc2cccc(C)n2)C1,0.2501961036011956,3,25.3,1,2.5562199999999997
261,Nc1ccc(O[C@H](C)c2nc3ccccc3c(=O)n2Cc2cccnc2)cc1,0.3418625100651414,4,26.2,1,3.562000000000003
264,Nc1cccc(C(=O)N2CCC(c3ccccc3)CC2)c1,0.3174960645128472,4,26.2,1,3.2886000000000024
265,Nc1nncn1-c1ccc([N+](=O)[O-])cc1,0.07562533134372032,4,26.2,1,0.7576999999999998
267,Nc1ccccc1N1CCO[C@H](c2ccc([N+](=O)[O-])cc2)C1,0.26872585719757075,4,26.2,1,2.754900000000001
269,Nc1[nH]ncc1C(=O)N1CCN(C(=O)c2ccccc2)CC1,0.05894160078720443,4,26.2,1,0.590099999999999
270,O=C(CCc1ccc2c(c1)OCO2)NCCc1nnc(-c2ccccc2)o1,0.26890212761404797,4,27.0,1,2.756800000000001
274,O=C(Nc1cccc(-n2ncc3cnccc32)c1)c1ccc2c(c1)OCO2,0.32761130201334726,4,27.0,1,3.401500000000002
276,O=C(NC1CCN(C(=O)c2nnn[n-]2)CC1)NCCc1ccccc1,-0.00246999497693783,5,29.7,1,-0.024699999999999056
277,O=C(CCC1CCN(C(=O)COc2ccccc2)CC1)N1CCCC2(C1)OCCO2,0.24018459554908123,5,29.7,1,2.4497
278,O=C([O-])c1ccc(Oc2ccnc(-c3ccncc3)n2)cc1,0.16783687183458754,5,29.7,1,1.6943999999999997
280,O=C(OCc1ccccn1)c1ccc2ccccc2c1O,0.31828713598515207,5,29.7,1,3.297400000000002
281,O=C(/C=C/c1ccc(OCc2ccccc2)cc1)N1CCOCC1,0.3038538345415149,5,29.7,1,3.1376000000000017
282,O=C([C@H]1CCCc2ccccc21)N1CCc2[nH]ncc2C1,0.23686486660848832,5,29.7,1,2.4145000000000003
283,O=C(NCc1nnc2ccccn12)N1CCCC[C@H]1CCc1ccccc1,0.3298144117387661,5,29.7,1,3.4262000000000024
287,O=C(OCC(=O)N1CCCCC1)c1ccc(-c2ccccc2)cc1,0.3384048675207321,5,29.7,1,3.5229000000000026
288,O=C(/C=C(/N)c1ccc([N+](=O)[O-])cc1)NC(C1CC1)C1CC1,0.21644181057809173,5,29.7,1,2.1992000000000003
291,O=C(Cn1cnc2ccccc2c1=O)N1CCC[C@@H]2CCC[C@@H]21,0.21533587599092316,5,29.7,1,2.1875999999999998
292,O=C([O-])c1ccc(CN2C(=O)CC[C@@H]2Cc2ccccc2)cc1,0.17651179155433624,5,29.7,1,1.7837999999999992
293,O=C(c1ccco1)Oc1ccc(Oc2ccc(N3CCOCC3)cc2)cc1,0.39082212250980153,5,29.7,1,4.1277000000000035
295,O=C(/C=C/c1ccc([N+](=O)[O-])cc1)N1CCC[C@H](C(N)=O)C1,0.13240797063248094,5,29.7,1,1.3318999999999999
299,N[C@@H](N1CCCC1=O)C1CC1,0.03035067553428732,5,30.9,1,0.30359999999999987
301,N[C@@H](N[C@H]1CCc2ccccc21)C(=O)NCc1ccco1,0.14474621711548258,5,30.9,1,1.4576999999999993
302,N[C@@H](NC1C(=O)CCC1=O)c1ccccc1,0.053359271593984,5,30.9,1,0.5340999999999994
303,N[C@@H](Nc1cccc(OCc2cncnc2)c1)C1(O)CCCC1,0.20288540386961823,5,30.9,1,2.0573999999999995
304,N[C@@H](N1CCc2ccccc21)C(=O)NCCC1CCCCC1,0.23743112308575845,5,30.9,1,2.4204999999999997
310,N[C@@H](N[C@@H]1CCN(c2ccccc2)C1=O)c1ccccc1[N+](=O)[O-],0.19229576686370026,5,30.9,1,1.947199999999999
312,C=CCN(Cc1nc2ccccc2o1)C(=O)CC(C)(C)C,0.3608475581197972,4,33.2,1,3.7786000000000026
315,C=C[C@@H](C)NC(=O)N1CCOCC1,0.0601971294976578,4,33.2,1,0.6026999999999998
316,C=C[C@H](C)NC(=O)CNC(=O)OC(C)(C)C,0.11960472739996228,4,33.2,1,1.2017999999999998
317,C=Cc1ccccc1C(=O)Nc1ccc([N+](=O)[O-])cc1,0.33549726916903955,4,33.2,1,3.4901000000000018
319,C=CCc1cc(/C=C(/C#N)C(=O)[O-])ccc1O,0.0776016618611746,4,33.2,1,0.7775799999999997
320,C=C(C)COc1ccc(NC2CCN(C(C)=O)CC2)cc1,0.2971858607564989,4,33.2,1,3.064300000000001
324,C=Cc1ccc(OC(=O)c2ccc(C(C)C)cc2)cc1,0.4359503928206375,4,33.2,1,4.672200000000004
325,C=C[C@](C)(OC)C(=O)N/N=C/c1c(OC)cccc1OCC,0.21032369578593113,4,33.2,1,2.1350999999999996
327,C=C(C)COC(=O)CCn1c(-c2cc(C)ccc2N)nn(C)c1=O,0.1634039065973777,4,33.2,1,1.64882
328,C=C1c2ccccc2C(=O)N1[C@@H](C(=O)[O-])c1cccc(C)c1,0.18897307594655835,4,33.2,1,1.91272
329,C=C[C@@H](C#N)COc1ccc(CO)cc1,0.18615194359708673,4,33.2,1,1.8834799999999998
330,C=C[C@H]1CN(C(=O)[C@@H](C)Nc2cc(C)ccc2C)CC1,0.3039210008218414,4,33.2,1,3.1383400000000012
331,C=Cc1ccc(O)c(NC(=O)CN(C)C(=O)c2ccc([C@H]3N=C(C)CC3=O)cc2)c1,0.3113774254616384,4,33.2,1,3.2207000000000017
333,Nc1ncccc1CN1CCc2ccccc21,0.21904237501341417,5,34.0,1,2.2265000000000006
334,Nc1nnc2n1CCN2CCCCC(C)C,0.1495303400620122,5,34.0,1,1.506599999999999
335,Nc1nonc1NC(=O)CCc1c[nH]c2ccccc12,0.1688085392135378,5,34.0,1,1.7043999999999995
336,Nc1n[nH]c(-c2ccc([N+](=O)[O-])o2)n1,0.05545305475344417,5,34.0,1,0.5550999999999999
337,Nc1nc(N2CCCCC2)cc(N2CC[C@@H](O)C2)n1,0.06193064094674389,5,34.0,1,0.6200999999999999
338,Nc1nnc2ccccn12,0.031139928726976733,5,34.0,1,0.3115
340,Nc1n[nH]c(=O)n(CCNC(=O)c2cccc3[nH]ccc23)c1=O,-0.057426746886915875,5,34.0,1,-0.5748999999999997
342,Nc1nnc([C@H]2CN(Cc3cc(-c4cccnc4)[nH]n3)CCO2)o1,0.10069755647730595,5,34.0,1,1.010399999999999
343,Nc1nonc1-c1ccc(CO)o1,0.04038801827776183,5,34.0,1,0.40409999999999996
344,Nc1n[nH]c2ccc(NC(=O)c3ccccc3O)cc12,0.2072536313532474,5,34.0,1,2.1029999999999998
345,O[C@@H](c1ccc2c(c1)COC2)[C@@H]1CCCO1,0.19056172832108986,5,34.4,1,1.9292
347,O[C@@H](c1ccc2ncccc2c1)C1CN(C(=O)[C@H]2Cc3ccccc3O2)C1,0.26644199744579705,5,34.4,1,2.7303000000000006
351,C[C@H]1Cc2ccccc2N1CCNC(=O)N1CCC[C@H](O)C1,0.15902866471090404,4,36.2,1,1.6039
352,C[C@H]1OCC[C@@H]1C(=O)N1CCC(CCc2ccccc2)CC1,0.31697443468996706,4,36.2,1,3.2828000000000026
355,C[C@H]1[C@H](C)C(=O)NC1=O,-0.008499795297582578,4,36.2,1,-0.08500000000000013
356,C[C@H]1c2ccccc2CN1C(=O)CN1CCO[C@H](c2ccccc2)C1,0.30618472842195427,4,36.2,1,3.163300000000002
363,C[C@H]1CN(C(=O)C2CCCCC2)CCO1,0.17943613143301151,4,36.2,1,1.814
364,C[C@H]1OCC[C@H]1C(=O)NCCC1(c2ccccc2)CCOCC1,0.2604676244069187,4,36.2,1,2.666100000000001
367,C[C@H]1[C@H](c2ccccc2)N(CC)C(=O)N1CCC(=O)OC(C)(C)C,0.3456983971206359,4,36.2,1,3.605500000000003
368,C[C@H]1c2cccn2CCN1C(=O)c1cccc(-n2cncn2)c1,0.22468046668568697,4,36.2,1,2.2858
370,OC1CCC(Oc2ccc(C[NH2+]C3CC3)nc2)CC1,0.0986481220079256,4,38.4,1,0.9896999999999997
393,C#CCN1CCN(C(=O)c2cnn(Cc3ccc(OC)cc3)c2)CC1,0.13231954744736735,4,39.7,1,1.3309999999999995
394,C#Cc1ccc(OC(=O)[C@@H]2CCO[C@@H]2C)cc1,0.19721193743725957,4,39.7,1,1.9983
397,C#C[C@H](OC(=O)Cn1nnc2ccccc2c1=O)c1ccccc1,0.16927482316062803,4,39.7,1,1.7091999999999998
399,C#Cc1cccc(CC(=O)N2CCO[C@H](C#N)C2)c1,0.09584290528185284,4,39.7,1,0.96138
400,C#C[C@@H](OC(=O)c1cccc2ccccc12)C1CCOCC1,0.32970746081194746,4,39.7,1,3.4250000000000025
403,C#CCOc1ccc(CCNC(=O)N[C@H]2CCC[C@@H](C)[C@H]2C)cc1,0.3243491671532283,4,39.7,1,3.365000000000002
404,C#Cc1cccc(NC(=O)CC(C)(C)C)c1,0.2952062403955924,4,39.7,1,3.042600000000002
408,O[C@@H]([C@@H]1CCCO1)c1ccc(-n2ccnn2)cc1,0.1468994347391812,5,39.9,1,1.4796999999999998
412,O[C@@H](Nc1ccc(C(=O)N2CCOCC2)cc1)c1ccc(O)cc1,0.19425955934602065,5,41.8,1,1.9676
414,O[C@@H](N[C@H]1CCOc2ccccc21)c1ccc([N+](=O)[O-])cc1,0.2635410883102736,5,41.8,1,2.6991000000000005
416,O[C@@H](NNC(=O)c1cccc([N+](=O)[O-])c1)c1ccccc1,0.15086943263036579,5,41.8,1,1.5202999999999998
417,O[C@@H](N/N=C/c1ccccc1C(=O)[O-])c1ccccc1,0.06637227876552323,5,41.8,1,0.6646999999999998
419,O[C@@H](Nc1nccc(-c2ccccc2)n1)c1ccc(-n2ccnc2)nc1,0.2754298705347489,5,41.8,1,2.8273
420,O[C@@H](N[C@@H]1CCOc2ccc(O)cc21)c1cccc([N+](=O)[O-])c1,0.23593963499865397,5,41.8,1,2.4047
423,O[C@@H](NNc1cccc([N+](=O)[O-])c1)c1ccccn1,0.15839503787853074,5,41.8,1,1.5974
424,O[C@@H](N/c1nnnn1C1CCCCC1)c1ccc(O)cc1,0.19611602903314188,5,41.8,1,1.9868999999999994
425,O[C@@H](NCc1cccnc1-n1cccn1)[C@@H]1CCCO1,0.08522277411007992,5,41.8,1,0.8542999999999998
426,O[C@@H](Nc1ccc(COc2ccccc2)cc1)C1CC1,0.3280040205453397,5,41.8,1,3.4059000000000017
427,O[C@@H](N[C@@H]1CCCc2ccccc21)c1nc2ccccc2[nH]1,0.3114045165315312,5,41.8,1,3.221000000000001
432,Cc1ccc(O[C@@H](C)C(=O)N[C@H](C)c2ccc3ccccc3c2)cc1,0.4456764175630829,4,43.2,1,4.792920000000004
433,Cc1nc(C)n(C[C@@H]2CCC[C@@H]2O)n1,0.10520328155863634,4,43.2,1,1.0559399999999999
435,Cc1onc(-c2ccccc2)c1C(=O)OCC1CC[NH2+]CC1,0.1761649236458438,4,43.2,1,1.7802199999999997
438,Cc1[nH]c2ccccc2c1CC(=O)NCC[C@@H](C)c1ccncc1,0.3560734644537325,4,43.2,1,3.7238200000000017
443,Cc1oc(C)cc1C(=O)NNC(=O)c1ccc(-c2ccccc2)cc1,0.3485778606398538,4,43.2,1,3.6382400000000015
447,C/C(=C\c1ccc(O)cc1)O[C@@H](C)c1nnnn1C1CC1,0.2777293933049314,4,45.3,1,2.8522000000000007
449,C/CCC(=O)NCc1ccc(OC(=O)c2ccncc2)cc1,0.2652152752820403,4,45.3,1,2.717100000000001
450,C/CN(C)C(=O)c1cc(C2CC2)n(-c2ccccc2[N+](=O)[O-])n1,0.26825262131055994,4,45.3,1,2.7498000000000014
451,C/C1=C/C[C@H](c2cc(O)c(C)cc2)C(C)(C)C1,0.4260428877952635,4,45.3,1,4.550520000000003
452,C/Cc1nc2cc(NC(=O)c3ccccc3O)ccc2n1[C@@H]1CCCCO1,0.4016124575963377,4,45.3,1,4.255700000000003
453,C/C(=N\NC(=O)CO/N=C(/O)c1ccccc1)c1ccncc1,0.18371040146428846,4,45.3,1,1.8582
454,C/C=C(/C)C(=O)N[C@@H](CO)C(C)C,0.10814541416959157,4,45.3,1,1.0856999999999997
455,C/CCC(=O)Nc1ccc(C)c(NC(=O)[C@H]2c3ccccc3C=CC2=O)c1,0.38437413014167043,4,45.3,1,4.051820000000002
456,C/CN(Cc1ncccc1C)C(=O)Nc1ccnn1C(C)C,0.3114424431790042,4,45.3,1,3.221420000000002
460,C/C=C/C(=O)N1CCC[C@H](C(=O)N2CCC[C@H]2c2ccccc2)C1,0.3063206598147294,4,45.3,1,3.1648000000000014
461,C/CCC(=O)OC(C)(C)C,0.20966412305053658,4,45.3,1,2.1281999999999996
462,C/CNc1nc(-c2ccccc2)nc2c1CCN(C(=O)[C@H]1CCCO1)C2,0.2579490364334767,4,45.3,1,2.639100000000001
464,C/Cc1ccccn1,0.1629347394850736,4,45.3,1,1.644
467,OC[C@H]1CCCN(C(=O)N[C@H]2CCOc3ccccc32)C1,0.19007020061773067,4,45.6,1,1.9241000000000001
476,OC1CCC([NH2+]CCc2ccccc2)CC1,0.10916325413915856,5,47.2,1,1.0959999999999999
477,OC1CN(C(=O)C2=Cc3ccccc3OC2)C1,0.06645192592009319,5,47.2,1,0.6655
483,OC1Cc2ccccc2C1,0.11411080464365266,5,47.2,1,1.1461
491,OC1Cc2cccc(-c3ccco3)c2O1,0.2165085302731019,5,47.2,1,2.1999000000000004
495,COc1cccc(-c2cc(C[NH+]3CCN(C(=O)c4ccoc4)CC3)no2)c1,0.1473299119318566,4,48.0,1,1.4840999999999998
496,COc1ccccc1CC(=O)N1CC(=O)N(C[C@@H]2CCCO2)CC1=O,0.06133292005070033,4,48.0,1,0.6141000000000001
498,Cc1cccc(C(=O)NC[C@@H](C#N)C[C@H](C)O)n1,0.10268676978176608,5,49.2,1,1.0305
499,Cc1c([N+](=O)[O-])cnc2c1c(=O)n(C)c1nc3ccccc3n12,0.1926636143579743,5,49.2,1,1.9510199999999998
500,Cc1cncc(NC(=O)[C@@H](Cc2c[nH]c3ccccc23)NC(=O)N2CCCCC2)c1,0.34667712826817365,5,49.2,1,3.616620000000002
501,Cc1cccc2cc(CC(=O)NCc3nnc(C)o3)c(=O)[nH]c12,0.13780167262191176,5,49.2,1,1.3868399999999996
502,Cc1c(C(=O)c2nnc(Cc3ccccc3)o2)cccc1[N+](=O)[O-],0.3011665307494611,5,49.2,1,3.1080200000000016
503,Cc1cnn(C[C@@H]2CCCN(C(=O)Cc3coc4ccccc34)C2)c1,0.3291743625589532,5,49.2,1,3.4190200000000024
504,Cc1cc(C(=O)NCCCN2CC[NH+](C)CC2)c(C)n1Cc1ccco1,0.06953162023478542,5,49.2,1,0.6964400000000024
511,O[C@H](CCc1ccccc1)Cn1cnnc1,0.12649870589603535,5,51.8,1,1.2717999999999998
514,O[C@H](Cc1ccccc1)C(=O)N[C@H]1CCCc2ccccc21,0.27140507174855294,5,51.8,1,2.783800000000001
522,O[C@H](CC[C@@H]1Oc2ccccc2O1)C1(C)CC1,0.265958846044558,5,51.8,1,2.725100000000001
523,O[C@H](COc1cnc(-c2ccccc2)nc1)C1CC1,0.22539248558554686,5,51.8,1,2.2933000000000003
526,O[C@H](Cn1cncn1)c1ccc2ccccc2c1,0.21317007989753528,5,51.8,1,2.1649000000000003
528,O[C@H](C(=O)O[C@@H]1CCCc2ccccc21)c1ccc2c(c1)CCC2,0.36526662959842654,5,51.8,1,3.829500000000003
531,O[C@H](CN1CCCCC1)C(=O)N[C@H]1CCc2c(O)cccc21,0.13344924031481262,5,51.8,1,1.3424999999999994
534,O[C@H](COc1ccccc1)CC1CCCC1,0.2919164866540409,5,51.8,1,3.0066000000000015
536,O[C@H](Cc1ccccc1)[C@H]1C(=O)c2ccccc2C1=O,0.2246424855968473,5,51.8,1,2.2854
538,O[C@H](C1CCN(c2cc(-n3cccc3)ncn2)CC1)c1ccco1,0.27385810084102796,5,51.8,1,2.8103000000000007
539,O[C@H](C(=O)Nc1c(Cc2ccccc2)cccc1O)c1ccccc1,0.35005812927897934,5,51.8,1,3.6551000000000027
544,N[C@@H](COc1ccccc1)[C@@H]1CCOc2ccccc21,0.28755608522974163,5,54.6,1,2.9590000000000014
547,N[C@@H](C(=O)Nc1ccncc1)c1ccco1,0.1305604728339143,5,54.6,1,1.3130999999999995
550,N[C@@H](Cn1c([N+](=O)[O-])cn1C)N1CCN(c2ccccc2)CC1,0.08398172120053062,5,54.6,1,0.8417999999999997
552,N[C@@H](C1CCCCC1)C(=O)N1CCC[C@@H](c2ccccc2)C1,0.3185387476785809,5,54.6,1,3.300200000000002
553,N[C@@H](C[C@H]1CCCCN1C(=O)OCCO)c1ccccc1,0.2031251010850822,5,54.6,1,2.0599000000000003
555,N[C@@H](COc1cccc2ccccc12)C(=O)[O-],0.029571375751089115,5,54.6,1,0.29579999999999984
556,N[C@@H](C[NH3+])c1cc(-c2ccccc2)on1,0.058263936127026426,5,54.6,1,0.5833
558,N[C@@H](C(=O)[O-])[C@@H]1CCc2ccccc21,-0.0206370695533103,5,54.6,1,-0.20639999999999947
563,N[C@@H](C1CCOCC1)C(=O)Nc1ccc2c(c1)C(=O)N(C1CCCCC1)C2=O,0.22675888660241544,5,54.6,1,2.3076999999999996
569,N[C@@H](C(=O)Nc1ccc(C#N)cc1)C(C)(C)C,0.18486771428846085,5,54.6,1,1.87018
571,N[C@@H](CCCCO)COc1ccc(C(N)=O)cc1,0.06532683183495294,5,54.6,1,0.6541999999999989
574,N[C@@H](C1=C(C)CCCC1)C(=O)Nc1ccc(C(=O)NC[C@@H]2CCCO2)cc1,0.26842894002274675,5,54.6,1,2.7517000000000005
575,N[C@@H](C[C@H]1CN(C)CCO1)C1CCCCC1,0.16008117020736692,5,54.6,1,1.6146999999999991
579,CO[C@@H](C)C(=O)N/N=C(/C)c1ccc(N2C(=O)c3ccc(C)c(C)c3C2=O)cc1,0.28940247877337993,4,55.3,1,2.979140000000001
581,CO[C@@H](C)C(=O)Nc1cccc(C)c1C(=O)OC,0.17372205022083223,4,55.3,1,1.75502
587,C[C@H]1OCC[C@@H]1C(=O)Nc1ccc(N2CCc3ccccc3C2)cc1,0.3463409944520425,5,56.8,1,3.6128000000000027
588,C[C@H]1Oc2ccccc2O[C@H]1C(=O)N[C@H]1CCc2ccccc21,0.2930138434412477,5,56.8,1,3.018600000000002
589,C[C@H]1O[C@@H](C)[C@H]2CN(C(=O)COc3ccc4ccccc4c3)C[C@H]21,0.30047348621235614,5,56.8,1,3.1004000000000014
593,C[C@H]1Oc2c(cccc2C(=O)Nc2cnn(C(C)(C)C)c2)[C@H](O)C1,0.2999639597469837,5,56.8,1,3.094800000000002
597,CN(C)C(=O)N1C[C@H](C(=O)OC(C)C)CC1=O,0.046775840288584544,4,57.2,1,0.4680999999999995
598,CN(C(=O)CN1[C@H](CC)c2ccccc2C1=O)c1ccccc1,0.3146067097559231,4,57.2,1,3.2565000000000017
599,CN(C(=O)N[C@H](c1ccccc1)c1ccco1)C1CCCCC1,0.4089169351843276,4,57.2,1,4.343100000000004
601,O=C(c1cc[nH]n1)N1CCC[C@H](N2CCNC2=O)C1,0.003949979456836536,6,57.5,1,0.039499999999999924
602,O=C(c1ccnn1Cc1ccco1)N1CC[C@H](Oc2cccnc2)C1,0.21774724219930078,6,57.5,1,2.2129000000000003
603,COC(=O)[C@H](Cc1c[nH]c2ccccc12)N1CCOC1=O,0.1687891090743992,4,59.6,1,1.7042
604,COCCN1C[C@@H](c2nc(CC(C)C)no2)CC1=O,0.12242284259323404,4,59.6,1,1.2304000000000002
605,COCc1ccccc1NC(=O)N1C[C@H](C)O[C@@H](C)C1,0.24248248402890255,4,59.6,1,2.474100000000001
610,COCCOc1ccc(CNC(=O)N(C)CCOC)cc1,0.14884592006053132,4,59.6,1,1.4995999999999998
611,COCc1cc(=O)n(-c2ccncc2)c(C)c1CC(=O)O[C@H](C)c1cnn(C)c1,0.22296304111278678,4,59.6,1,2.2677200000000006
617,COCc1cc(NC(=O)C(=O)NCC2CCC2)no1,0.0674773070405652,4,59.6,1,0.6757999999999993
619,COC[C@@H](NC(=O)c1cc(C)cn1C)c1ccccc1[N+](=O)[O-],0.23164022698907363,4,59.6,1,2.3592200000000005
627,NN1CCC(NC(=O)Nc2ccccc2-n2cc[nH+]c2)CC1,0.07495912954544239,4,62.8,1,0.7509999999999994
633,NN1/C(=N/OC2CC2)c2ccccc21,0.12148697201620473,4,62.8,1,1.2209
641,NN1CCO[C@H](c2ccc([N+](=O)[O-])c(N)c2)C1,0.0423746099166209,4,62.8,1,0.42400000000000004
646,NN1[C@@H]2CCCC[C@@H]2[C@@H]1c1ccc(OCc2ccccc2)cc1,0.38462807349196293,4,62.8,1,4.054800000000004
651,CNC(=O)[C@H]1CCCN(C(=O)c2cn(C[C@@H](C)O)c3ccccc23)C1,0.160626770690339,4,63.5,1,1.6202999999999992
653,CNC(=O)C1CCN(C(=O)NCC(C)C)CC1,0.08082331667324,4,63.5,1,0.8099999999999996
654,Nc1[nH]nc2c1C(=O)/C(=C/c1ccc(-n3cccn3)cc1)C2,0.19737532022490395,5,64.0,1,1.9999999999999996
655,Nc1[nH]c(-c2ccccc2)nc1-c1cn(-c2ccccc2)nn1,0.282742163452616,5,64.0,1,2.906600000000001
656,Nc1[nH]nc(-c2ccccn2)c1C,0.13539542616437142,5,64.0,1,1.36232
660,C#C[C@H](NC(=O)c1cccc2ccccc12)C(=O)NCc1ccco1,0.24311298700509582,5,64.4,1,2.4808000000000003
661,C#C[C@H](CNC(=O)/C=C/c1ccco1)NC(=O)C(C)(C)C,0.15602509659392083,5,64.4,1,1.5730999999999997
662,C#C[C@H](OC(=O)c1cc(-c2ccc(C)cc2)n[nH]1)c1ccccc1,0.3727749183405989,5,64.4,1,3.9164200000000022
663,Nc1ccc(C(=O)N2CC(=O)Nc3ccccc32)cc1,0.18462817897715292,5,65.6,1,1.8676999999999997
665,Nc1cnc2ncccc2c1,0.1206100130130466,5,65.6,1,1.2120000000000002
669,Nc1cnc(N2CCC[C@H](C(=O)NC3CCCC3)C2)cc1C(=O)[O-],0.030240776495810077,5,65.6,1,0.3025
671,Nc1ccc(C[NH2+]Cc2nccn2Cc2ccccc2)cc1,0.1758722803778475,5,65.6,1,1.7771999999999997
672,Nc1c(N2CCN(CCCC(=O)N3CCCCC3)CC2)ncnc1N1CCCC1,0.15608363541599307,5,65.6,1,1.5737
677,C=C[C@](O)(C(=O)OCC)N(C)Cc1ccccc1C,0.18432100079803773,5,65.9,1,1.86452
678,Cc1[nH]c2ccc(C(=O)NC3CC3)cc2c1C,0.26147779656470016,5,66.2,1,2.676940000000001
679,Cc1[nH]c2ccccc2c1CN(C)C(=O)c1cn(C)nc1CO,0.19490611573191904,5,66.2,1,1.97432
681,O[C@H](NC(=O)c1ccncc1)C1CCCCC1,0.1693622429716564,5,68.1,1,1.7101
682,O[C@H](Nc1cccnc1-c1ccccc1)c1ccc(C(=O)N2CCOCC2)cc1,0.32067563232175195,5,68.1,1,3.3240000000000016
688,O[C@H](Nc1ccccn1)C1CCCCC1,0.23475887176678148,5,68.1,1,2.3922000000000008
689,O[C@H](N[C@@H]1CCOC1=O)c1ccccc1Nc1ccccc1,0.22851302248791525,5,68.1,1,2.3262
692,O[C@H](N/N=C/c1ccccc1[N+](=O)[O-])C1CCCCC1,0.23710082638966867,5,68.1,1,2.4170000000000007
704,OCc1coc2cc(OCCOc3ccccc3)ccc21,0.32594992380405535,4,68.6,1,3.382900000000002
706,OC[C@H]1O[C@H](O)[C@@H](O)[C@H]1O,-0.2526392480629517,5,69.8,1,-2.5823000000000005
707,OC[C@H]1[C@@H](c2ccccc2)Oc2ccccc21,0.2817850232050701,5,69.8,1,2.896200000000001
709,OC[C@H]1CCCC[C@@H]1[C@@H]1C(=O)c2ccccc2C1=O,0.24308475991696665,5,69.8,1,2.4805
712,OC[C@H]1[C@H](c2ccccc2)[NH+]=C1N1CCN(Cc2ccccc2)CC1,0.06457999607989279,5,69.8,1,0.6467000000000018
713,OC[C@H]1CCC[C@H]1NC(=O)OCCO,-0.013409196226209395,5,69.8,1,-0.1341
718,NN[C@H]1CCC[C@@H](O)C1,-0.02467499033814469,4,69.9,1,-0.24680000000000074
721,C=C1c2ccccc2C(=O)N1C(C)(C)C(=O)N[C@H](C)C(C)(C)c1ccccc1,0.41150360467908353,5,72.5,1,4.374200000000004
722,C=C1NC(=O)c2cc(C(=O)N3CCOCC3(C)C)ccc2C1=O,0.13687547831337424,5,72.5,1,1.3774
725,C=C1/C(=C/c2ccc(OC(C)=O)c(C)c2)COC1,0.2812252042648831,5,72.5,1,2.8901200000000005
726,C=C1OCC2(CCN(C(=O)c3cc4ccccc4[nH]3)CC2)CC1=O,0.2815272356562239,5,72.5,1,2.8934000000000006
732,C=C1/C(=N/O)C(=O)c2ccccc21,0.1709353426068053,5,72.5,1,1.7263
735,C=C1c2ccccc2C(C)(C)C1(CC)CN1C(=O)c2ccccc2C1=O,0.436873273635056,5,72.5,1,4.683600000000004
737,C=C1[C@H](c2ccc(/C=C/C(=O)Nc3ccccc3)cc2)OC(C)(C)C1=O,0.4064656016112277,5,72.5,1,4.3137000000000025
